timestamp, GAS, COAL, OIL, SOLAR, WIND, THERMO, STORAGE
2018-12-01 00:00:00, 3813.2802136540413, 1873.671875, 0, 0, 0.24938612384721637, 0, 0
2018-12-01 01:00:00, 3547.0926543474197, 1892.921875, 0, 0, 1.1556457430124283, 0, 0
2018-12-01 02:00:00, 3292.485570549965, 1935.484375, 0, 0, 2.9562222957611084, 0, 0
2018-12-01 03:00:00, 3148.359881222248, 1998.8125, 0, 0, 2.1438870752090224, 0, 0
2018-12-01 04:00:00, 3133.7276938557625, 2035.9375, 0, 0, 3.4018560145050287, 0, 0
2018-12-01 05:00:00, 3252.4249150156975, 2077.28125, 0, 0, 5.3271322548389435, 0, 0
2018-12-01 06:00:00, 3177.274195559323, 2141.15625, 0, 0, 3.620986457914114, 0, 0
2018-12-01 07:00:00, 3191.1094240806997, 2138.46875, 0, 25.27183175086975, 3.6009267419576645, 0, 0
2018-12-01 08:00:00, 3496.3583382330835, 2135.734375, 0, 62.76757192611694, 8.532909154891968, 0, 0
2018-12-01 09:00:00, 3588.552404289134, 2165.953125, 0, 85.90513348579407, 1.7778403088450432, 0, 0
2018-12-01 10:00:00, 3508.22451103013, 2265.875, 0, 109.53149747848511, 1.8386549204587936, 0, 0
2018-12-01 11:00:00, 3560.0223825331777, 2267.46875, 0, 117.58785343170166, 2.405148260295391, 0, 0
2018-12-01 12:00:00, 3692.784479564056, 2269.75, 0, 117.66175413131714, 2.906653620302677, 0, 0
2018-12-01 13:00:00, 3755.809202209115, 2267.359375, 0, 118.39888954162598, 4.596193864941597, 0, 0
2018-12-01 14:00:00, 3825.603434047196, 2288.359375, 0, 78.63187754154205, 2.677498310804367, 0, 0
2018-12-01 15:00:00, 4011.4024484315887, 2372.046875, 0, 35.26013123989105, 1.1305318735539913, 0, 0
2018-12-01 16:00:00, 4283.3402889389545, 2537.28125, 0, 3.5353699922561646, 1.5438786409795284, 0, 0
2018-12-01 17:00:00, 5105.5643166825175, 2574.390625, 0, 0, 2.538866564631462, 0, 0
2018-12-01 18:00:00, 5246.74789167475, 2907.734375, 0, 0, 2.7410257160663605, 0, 0
2018-12-01 19:00:00, 5212.886593642179, 2894.5, 0, 0, 1.213989108800888, 0, 0
2018-12-01 20:00:00, 5147.1903444398195, 2771.859375, 0, 0, 0.703119458630681, 0, 0
2018-12-01 21:00:00, 5077.080229935236, 2560.109375, 0, 0, 0.866821713745594, 0, 0
2018-12-01 22:00:00, 4822.841581638437, 2359.078125, 0, 0, 0.03169143828563392, 0, 0
2018-12-01 23:00:00, 4383.775945339352, 2231.453125, 0, 0, 0.05185139924287796, 0, 0
2018-12-02 00:00:00, 3785.2533205221407, 2277.421875, 0, 0, 0.3588775582611561, 0, 0
2018-12-02 01:00:00, 3303.7309220815077, 2229.75, 0, 0, 0.34953980054706335, 0, 0
2018-12-02 02:00:00, 3070.7165283160284, 2215.203125, 0, 0, 0.014375009690411389, 0, 0
2018-12-02 03:00:00, 2939.152408836875, 2215.984375, 0, 0, 0.04442910011857748, 0, 0
2018-12-02 04:00:00, 3022.0132406419143, 2230.5, 0, 0, 0.08187039941549301, 0, 0
2018-12-02 05:00:00, 3379.478676231578, 2228.90625, 0, 0, 0, 0, 0
2018-12-02 06:00:00, 3897.0957751497626, 2226.484375, 0, 0, 0.1471911184489727, 0, 0
2018-12-02 07:00:00, 4492.363663282711, 2279.640625, 0, 12.053306996822357, 1.5447442531585693, 0, 0
2018-12-02 08:00:00, 4554.0581708988175, 2279.359375, 0, 49.046879172325134, 1.7744447588920593, 0, 0
2018-12-02 09:00:00, 4474.555423097685, 2380.59375, 0, 60.95626771450043, 2.153917133808136, 0, 0
2018-12-02 10:00:00, 4433.072699211538, 2488.390625, 0, 73.8915741443634, 0.20171268936246634, 0, 0
2018-12-02 11:00:00, 4411.862303860486, 2539.703125, 0, 88.89595234394073, 0.05334591865539551, 0, 0
2018-12-02 12:00:00, 4462.405366020277, 2406.4375, 0, 100.36851477622986, 0.004747284576296806, 0, 0
2018-12-02 13:00:00, 4676.4150417577475, 2296.59375, 0, 73.50809669494629, 0, 0, 0
2018-12-02 14:00:00, 4864.940613640472, 2305.328125, 0, 67.84315294027328, 0, 0, 0
2018-12-02 15:00:00, 5053.261080918834, 2376.796875, 0, 28.707135558128357, 0, 0, 0
2018-12-02 16:00:00, 5197.457049329765, 2567.6875, 0, 1.1887271404266357, 1.1674261639127508, 0, 0
2018-12-02 17:00:00, 5266.376826142892, 3227.25, 0, 0, 2.720841221511364, 0, 0
2018-12-02 18:00:00, 5226.170836159959, 3326.046875, 0, 0, 3.981779471039772, 0, 0
2018-12-02 19:00:00, 5375.44145883061, 3066.234375, 0, 0, 4.877520239525438, 0, 0
2018-12-02 20:00:00, 5443.731808537617, 2804.828125, 0, 0, 6.838325452059507, 0, 0
2018-12-02 21:00:00, 5279.196040712297, 2627.40625, 0, 0, 3.921710718423128, 0, 0
2018-12-02 22:00:00, 4977.624443769455, 2381.84375, 0, 0, 4.098716072738171, 0, 0
2018-12-02 23:00:00, 4486.849495232105, 2223.015625, 0, 0, 5.288558198683859, 0, 0
2018-12-03 00:00:00, 3735.3398302793503, 2257.4375, 0, 0, 5.178014259785414, 0, 0
2018-12-03 01:00:00, 3322.4495970010757, 2258.359375, 0, 0, 6.643281735479832, 0, 0
2018-12-03 02:00:00, 3072.399104177952, 2255.140625, 0, 0, 7.125608000904322, 0, 0
2018-12-03 03:00:00, 2965.4097062945366, 2259.0625, 0, 0, 6.217018755348363, 0, 0
2018-12-03 04:00:00, 3081.950859129429, 2264.96875, 0, 0, 6.686908868141472, 0, 0
2018-12-03 05:00:00, 3452.088248848915, 2243.03125, 0, 0, 7.58341479845345, 0, 0
2018-12-03 06:00:00, 4041.7253261208534, 2221.6875, 0, 0, 8.311797219961882, 0, 0
2018-12-03 07:00:00, 4536.883764624596, 2476.65625, 0, 2.517790913581848, 8.023370712697506, 0, 0
2018-12-03 08:00:00, 4576.291688323021, 2646.78125, 0, 20.72676956653595, 7.853168528228998, 0, 0
2018-12-03 09:00:00, 4534.567451059818, 2634.59375, 0, 51.45025897026062, 8.203235946297646, 0, 0
2018-12-03 10:00:00, 4419.989827935584, 2586.1875, 0, 85.61406803131104, 7.861418970562517, 0, 0
2018-12-03 11:00:00, 4437.4079991909675, 2423.6875, 0, 93.79159665107727, 8.982766605615616, 0, 0
2018-12-03 12:00:00, 4339.837915623095, 2394.4375, 0, 118.22566032409668, 9.080430716276169, 0, 0
2018-12-03 13:00:00, 4452.612966843881, 2395.640625, 0, 103.41706323623657, 7.3134051114320755, 0, 0
2018-12-03 14:00:00, 4559.456279185135, 2396.0, 0, 91.08624720573425, 7.430794283747673, 0, 0
2018-12-03 15:00:00, 4761.398765513673, 2401.359375, 0, 33.62530040740967, 7.81807580947876, 0, 0
2018-12-03 16:00:00, 5071.177301287651, 2478.484375, 0, 3.0517420172691345, 8.142963720336557, 0, 0
2018-12-03 17:00:00, 5194.20907497406, 3162.96875, 0, 0, 7.539731044173241, 0, 0
2018-12-03 18:00:00, 5245.539697408676, 3223.125, 0, 0, 7.855173099637032, 0, 0
2018-12-03 19:00:00, 5161.404759705067, 3198.875, 0, 0, 6.346144996583462, 0, 0
2018-12-03 20:00:00, 5104.153012573719, 3011.53125, 0, 0, 5.929337840527296, 0, 0
2018-12-03 21:00:00, 5143.822773396969, 2629.984375, 0, 0, 4.406742498278618, 0, 0
2018-12-03 22:00:00, 4968.266425192356, 2287.046875, 0, 0, 2.697682697325945, 0, 0
2018-12-03 23:00:00, 4496.192976653576, 2160.484375, 0, 0, 2.7845917865633965, 0, 0
2018-12-04 00:00:00, 3847.752390563488, 2166.359375, 0, 0, 0.9655369818210602, 0, 0
2018-12-04 01:00:00, 3446.828885138035, 2157.625, 0, 0, 0.5673554241657257, 0, 0
2018-12-04 02:00:00, 3193.524711251259, 2149.0, 0, 0, 1.538730463013053, 0, 0
2018-12-04 03:00:00, 3094.2539583444595, 2147.15625, 0, 0, 1.6799893015995622, 0, 0
2018-12-04 04:00:00, 3155.279649436474, 2163.625, 0, 0, 1.7004680633544922, 0, 0
2018-12-04 05:00:00, 3478.2496204972267, 2210.03125, 0, 0, 0.8369386494159698, 0, 0
2018-12-04 06:00:00, 3923.6430838108063, 2237.4375, 0, 0, 0.6799182491376996, 0, 0
2018-12-04 07:00:00, 4243.0550636053085, 2539.53125, 0, 10.451686084270477, 0.5959965288639069, 0, 0
2018-12-04 08:00:00, 4392.807896733284, 2550.421875, 0, 64.53889572620392, 1.331788256764412, 0, 0
2018-12-04 09:00:00, 4321.945444047451, 2502.9375, 0, 100.86737751960754, 1.2459533587098122, 0, 0
2018-12-04 10:00:00, 4308.5162699222565, 2371.421875, 0, 118.74767017364502, 0.022094741463661194, 0, 0
2018-12-04 11:00:00, 4059.596622169018, 2433.875, 0, 123.33898735046387, 0.5427422374486923, 0, 0
2018-12-04 12:00:00, 4168.043980836868, 2399.671875, 0, 119.80993175506592, 4.958714663982391, 0, 0
2018-12-04 13:00:00, 4323.370847940445, 2409.0, 0, 108.87746381759644, 10.315974209308624, 0, 0
2018-12-04 14:00:00, 4433.333868980408, 2480.546875, 0, 80.99316501617432, 10.264728784561157, 0, 0
2018-12-04 15:00:00, 4732.661641687155, 2351.234375, 0, 34.979252219200134, 13.566610336303711, 0, 0
2018-12-04 16:00:00, 5141.386577188969, 2395.375, 0, 3.8934277296066284, 9.974083125591278, 0, 0
2018-12-04 17:00:00, 6016.548255383968, 2358.21875, 0, 0, 9.468974947929382, 0, 0
2018-12-04 18:00:00, 6161.906782865524, 2359.859375, 0, 0, 8.69409716129303, 0, 0
2018-12-04 19:00:00, 6028.879143834114, 2398.84375, 0, 0, 6.951906621456146, 0, 0
2018-12-04 20:00:00, 5808.345879256725, 2425.984375, 0, 0, 1.3802987122908235, 0, 0
2018-12-04 21:00:00, 5618.622495293617, 2265.390625, 0, 0, 0.007564068306237459, 0, 0
2018-12-04 22:00:00, 5197.701364338398, 2236.609375, 0, 0, 0.1338246427476406, 0, 0
2018-12-04 23:00:00, 4562.931302368641, 2232.765625, 0, 0, 0.2158536296337843, 0, 0
2018-12-05 00:00:00, 3923.987779676914, 2240.375, 0, 0, 0.6371322274208069, 0, 0
2018-12-05 01:00:00, 3449.3840678930283, 2226.578125, 0, 0, 1.2040334641933441, 0, 0
2018-12-05 02:00:00, 3181.6316472291946, 2241.140625, 0, 0, 2.0109837050549686, 0, 0
2018-12-05 03:00:00, 3086.7083452939987, 2228.453125, 0, 0, 3.2062083929777145, 0, 0
2018-12-05 04:00:00, 3204.4834518432617, 2233.859375, 0, 0, 2.9515052139759064, 0, 0
2018-12-05 05:00:00, 3508.4843586683273, 2237.421875, 0, 0, 2.6220974922180176, 0, 0
2018-12-05 06:00:00, 4004.4380143284798, 2234.234375, 0, 0, 1.864430919289589, 0, 0
2018-12-05 07:00:00, 4388.429836273193, 2414.0625, 0, 22.619949281215668, 2.7485301941633224, 0, 0
2018-12-05 08:00:00, 4342.620883405209, 2583.09375, 0, 69.59380149841309, 5.181227259337902, 0, 0
2018-12-05 09:00:00, 4497.159743100405, 2435.4375, 0, 99.4748420715332, 2.6895305663347244, 0, 0
2018-12-05 10:00:00, 4483.6275389790535, 2388.078125, 0, 99.45034170150757, 5.180285394191742, 0, 0
2018-12-05 11:00:00, 4371.041214585304, 2345.6875, 0, 111.8429012298584, 4.9421345591545105, 0, 0
2018-12-05 12:00:00, 4378.818540155888, 2350.328125, 0, 114.37883567810059, 5.48492506146431, 0, 0
2018-12-05 13:00:00, 4600.316566556692, 2402.3125, 0, 97.7558081150055, 5.592561781406403, 0, 0
2018-12-05 14:00:00, 4815.799780547619, 2498.21875, 0, 48.096017956733704, 5.44450369477272, 0, 0
2018-12-05 15:00:00, 4942.825874328613, 2697.734375, 0, 14.357955694198608, 3.073876217007637, 0, 0
2018-12-05 16:00:00, 5300.631395757198, 2711.671875, 0, 0.6464768052101135, 2.269154593348503, 0, 0
2018-12-05 17:00:00, 5814.995772659779, 2903.515625, 0, 0, 2.5053332298994064, 0, 0
2018-12-05 18:00:00, 5802.403319656849, 2981.453125, 0, 0, 2.196238487958908, 0, 0
2018-12-05 19:00:00, 5774.885943710804, 2842.40625, 0, 0, 0.9320022463798523, 0, 0
2018-12-05 20:00:00, 5592.620492696762, 2794.34375, 0, 0, 0.9436366497538984, 0, 0
2018-12-05 21:00:00, 5470.508888244629, 2534.625, 0, 0, 1.0548673886805773, 0, 0
2018-12-05 22:00:00, 5070.170354485512, 2459.109375, 0, 0, 1.5464840233325958, 0, 0
2018-12-05 23:00:00, 4618.85284358263, 2317.953125, 0, 0, 1.7883694097399712, 0, 0
2018-12-06 00:00:00, 3914.655125141144, 2276.015625, 0, 0, 4.68856555223465, 0, 0
2018-12-06 01:00:00, 3460.045742213726, 2272.890625, 0, 0, 0.4048203192651272, 0, 0
2018-12-06 02:00:00, 3190.5302757024765, 2271.796875, 0, 0, 0.17483711801469326, 0, 0
2018-12-06 03:00:00, 3078.455774664879, 2274.859375, 0, 0, 0.005005187820643187, 0, 0
2018-12-06 04:00:00, 3189.4247059226036, 2271.1875, 0, 0, 1.3496683202683926, 0, 0
2018-12-06 05:00:00, 3577.2258956432343, 2271.3125, 0, 0, 2.6832494288682938, 0, 0
2018-12-06 06:00:00, 4027.1968623399734, 2269.203125, 0, 0, 7.03786101937294, 0, 0
2018-12-06 07:00:00, 4575.664876103401, 2414.34375, 0, 11.068809151649475, 7.040894567966461, 0, 0
2018-12-06 08:00:00, 4822.007240772247, 2709.125, 0, 26.394880056381226, 6.592553436756134, 0, 0
2018-12-06 09:00:00, 5055.026484012604, 2785.765625, 0, 64.47115647792816, 7.627161294221878, 0, 0
2018-12-06 10:00:00, 5115.389975130558, 2920.671875, 0, 74.29638350009918, 7.136753559112549, 0, 0
2018-12-06 11:00:00, 5362.6236609220505, 2803.109375, 0, 69.73049712181091, 6.8783751130104065, 0, 0
2018-12-06 12:00:00, 5443.15890955925, 2793.515625, 0, 47.93523621559143, 4.9513296484947205, 0, 0
2018-12-06 13:00:00, 5359.146958172321, 2880.75, 0, 65.61405277252197, 4.586968541145325, 0, 0
2018-12-06 14:00:00, 5462.451022028923, 2905.5625, 0, 56.284164905548096, 6.5728306248784065, 0, 0
2018-12-06 15:00:00, 5601.801516830921, 3020.90625, 0, 11.63702529668808, 4.224140554666519, 0, 0
2018-12-06 16:00:00, 5702.860554218292, 3282.109375, 0, 2.3795372247695923, 3.894548788666725, 0, 0
2018-12-06 17:00:00, 5925.055297195911, 3598.34375, 0, 0, 7.158759295940399, 0, 0
2018-12-06 18:00:00, 6021.155317902565, 3613.171875, 0, 0, 6.575197875499725, 0, 0
2018-12-06 19:00:00, 5915.2189756035805, 3536.9375, 0, 0, 8.330347120761871, 0, 0
2018-12-06 20:00:00, 5655.229745090008, 3506.5, 0, 0, 11.686291873455048, 0, 0
2018-12-06 21:00:00, 5576.4796233177185, 3137.390625, 0, 0, 3.850247323513031, 0, 0
2018-12-06 22:00:00, 5146.1701400876045, 3023.390625, 0, 0, 10.522341847419739, 0, 0
2018-12-06 23:00:00, 4702.820012210868, 2820.375, 0, 0, 7.860551401972771, 0, 0
2018-12-07 00:00:00, 3986.0398199409246, 2743.703125, 0, 0, 2.916773170232773, 0, 0
2018-12-07 01:00:00, 3681.241719924845, 2474.203125, 0, 0, 11.9046902012825, 0, 0
2018-12-07 02:00:00, 3557.111748385243, 2246.171875, 0, 0, 13.08700382232666, 0, 0
2018-12-07 03:00:00, 3435.908269986976, 2145.3125, 0, 0, 13.85978555202484, 0, 0
2018-12-07 04:00:00, 3428.322590360418, 2202.296875, 0, 0, 11.987827360630035, 0, 0
2018-12-07 05:00:00, 3667.062954058405, 2225.84375, 0, 0, 12.515102479457855, 0, 0
2018-12-07 06:00:00, 3871.7557692714036, 2242.046875, 0, 0, 11.42923417687416, 0, 0
2018-12-07 07:00:00, 4236.691536005586, 2263.03125, 0, 7.864475727081299, 10.35463273525238, 0, 0
2018-12-07 08:00:00, 4877.443699599244, 2314.765625, 0, 45.7405651807785, 10.326940059661865, 0, 0
2018-12-07 09:00:00, 5335.900971334893, 2432.265625, 0, 73.07998251914978, 10.430906772613525, 0, 0
2018-12-07 10:00:00, 5690.60217521945, 2500.71875, 0, 79.27397924661636, 12.682114839553833, 0, 0
2018-12-07 11:00:00, 5848.221716631204, 2614.03125, 0, 89.3609356880188, 13.158746361732483, 0, 0
2018-12-07 12:00:00, 5873.41014070902, 2578.4375, 0, 76.3275146484375, 14.73995080947876, 0, 0
2018-12-07 13:00:00, 5874.037336056121, 2590.125, 0, 75.08350872993469, 13.663942813873291, 0, 0
2018-12-07 14:00:00, 5896.733641277067, 2793.671875, 0, 47.95907241106033, 16.855388669967653, 0, 0
2018-12-07 15:00:00, 5898.933175665326, 3013.53125, 0, 20.743691444396973, 12.942301025390623, 0, 0
2018-12-07 16:00:00, 5600.750127461273, 3345.5, 0, 1.973089337348938, 7.640279169082641, 0, 0
2018-12-07 17:00:00, 5944.533617042471, 3078.71875, 26.550000190734863, 0, 12.644215877056121, 0, 0
2018-12-07 18:00:00, 6426.098932728171, 2315.4375, 194.54441213607788, 0, 7.5599313378334045, 0, 0
2018-12-07 19:00:00, 6129.082303680945, 2295.65625, 36.46875, 0, 2.0411814153194427, 0, 0
2018-12-07 20:00:00, 5733.384514332283, 2394.96875, 0, 0, 4.312156111001968, 0, 0
2018-12-07 21:00:00, 5596.8470498523675, 2228.28125, 0, 0, 4.442190408706665, 0, 0
2018-12-07 22:00:00, 5326.151845438406, 2089.515625, 0, 0, 2.842607080936432, 0, 0
2018-12-07 23:00:00, 4807.7131137717515, 2083.125, 0, 0, 2.479409435763955, 0, 0
2018-12-08 00:00:00, 4207.152198018972, 2103.296875, 0, 0, 3.124365210533142, 0, 0
2018-12-08 01:00:00, 3699.191582959611, 2211.6875, 0, 0, 5.461032509803772, 0, 0
2018-12-08 02:00:00, 3472.9832685641013, 2155.34375, 0, 0, 6.179631412029266, 0, 0
2018-12-08 03:00:00, 3393.0306803174317, 2083.921875, 0, 0, 4.805385172367096, 0, 0
2018-12-08 04:00:00, 3434.6996929058805, 2056.296875, 0, 0, 4.944273948669434, 0, 0
2018-12-08 05:00:00, 3636.95518324757, 2053.046875, 0, 0, 2.314928859472275, 0, 0
2018-12-08 06:00:00, 3661.9520293865353, 2061.625, 0, 0, 0.8134784111753106, 0, 0
2018-12-08 07:00:00, 3737.7642304506153, 2120.96875, 0, 6.3518906235694885, 1.009369721636176, 0, 0
2018-12-08 08:00:00, 4006.349839524366, 2301.640625, 0, 47.67570638656616, 2.8593519646674395, 0, 0
2018-12-08 09:00:00, 4191.589918388054, 2520.359375, 0, 89.80755853652954, 3.592765599489212, 0, 0
2018-12-08 10:00:00, 4430.1862904224545, 2538.453125, 0, 95.76914048194885, 3.3480220437049866, 0, 0
2018-12-08 11:00:00, 4553.640146565158, 2612.71875, 0, 98.08037638664246, 3.0975915789604187, 0, 0
2018-12-08 12:00:00, 4535.9981766757555, 2647.359375, 0, 114.10098028182983, 2.5358800441026688, 0, 0
2018-12-08 13:00:00, 4576.669598422945, 2654.984375, 0, 105.3383846282959, 2.6271496936678886, 0, 0
2018-12-08 14:00:00, 4584.155795324594, 2721.734375, 0, 86.57389307022095, 3.2173108756542206, 0, 0
2018-12-08 15:00:00, 4806.133662169799, 2826.5, 0, 21.028297066688538, 1.4814639575779438, 0, 0
2018-12-08 16:00:00, 5191.314543891698, 2883.21875, 0, 1.7423591017723083, 0.2901088520884514, 0, 0
2018-12-08 17:00:00, 5672.041678441688, 3127.078125, 0, 0, 1.5445034746080637, 0, 0
2018-12-08 18:00:00, 5904.972387176007, 3187.25, 0, 0, 0.41331591457128525, 0, 0
2018-12-08 19:00:00, 5796.1852310709655, 3173.328125, 0, 0, 0.23769252002239227, 0, 0
2018-12-08 20:00:00, 5623.114276500419, 3131.125, 0, 0, 0, 0, 0
2018-12-08 21:00:00, 5527.20555242151, 2935.5625, 0, 0, 0.008143512532114983, 0, 0
2018-12-08 22:00:00, 5201.571770978626, 2851.8125, 0, 0, 0.17494796216487885, 0, 0
2018-12-08 23:00:00, 4757.086066500284, 2578.640625, 0, 0, 0.059798289090394974, 0, 0
2018-12-09 00:00:00, 4196.8723703846335, 2389.40625, 0, 0, 0.26622727513313293, 0, 0
2018-12-09 01:00:00, 3693.6577953142114, 2273.9375, 0, 0, 0.13322288542985916, 0, 0
2018-12-09 02:00:00, 3348.930922633037, 2229.296875, 0, 0, 0.0008514699293300509, 0, 0
2018-12-09 03:00:00, 3249.9486732706428, 2165.796875, 0, 0, 0, 0, 0
2018-12-09 04:00:00, 3342.952983428724, 2145.109375, 0, 0, 0, 0, 0
2018-12-09 05:00:00, 3726.4278610013425, 2167.546875, 0, 0, 0, 0, 0
2018-12-09 06:00:00, 4257.7534472113475, 2196.953125, 0, 0, 0.11792439967393875, 0, 0
2018-12-09 07:00:00, 4922.62430227967, 2240.671875, 0, 18.136533498764038, 0.1610442167147994, 0, 0
2018-12-09 08:00:00, 5122.736957031302, 2245.28125, 0, 72.57231497764587, 0.3869729023426771, 0, 0
2018-12-09 09:00:00, 5003.979632817209, 2318.59375, 0, 66.89936208724976, 0.036306978203356266, 0, 0
2018-12-09 10:00:00, 5096.284798888955, 2281.6875, 0, 47.101781606674194, 0.0418525617569685, 0, 0
2018-12-09 11:00:00, 5149.114374126308, 2319.40625, 0, 51.283493518829346, 0.0472114747390151, 0, 0
2018-12-09 12:00:00, 5320.45258603571, 2285.859375, 0, 84.12355494499207, 0.3366270139813423, 0, 0
2018-12-09 13:00:00, 5312.598520305473, 2472.28125, 0, 91.3236471414566, 0.08754487335681915, 0, 0
2018-12-09 14:00:00, 5412.229564681649, 2486.96875, 0, 72.11013913154602, 0, 0, 0
2018-12-09 15:00:00, 5594.727323902771, 2480.71875, 0, 32.511567175388336, 0, 0, 0
2018-12-09 16:00:00, 5912.158599241171, 2526.96875, 0, 3.282571494579315, 0, 0, 0
2018-12-09 17:00:00, 6502.030915639363, 2753.015625, 0, 0, 0, 0, 0
2018-12-09 18:00:00, 6639.115281775594, 2824.625, 0, 0, 0, 0, 0
2018-12-09 19:00:00, 6506.513137640897, 2904.25, 0, 0, 0, 0, 0
2018-12-09 20:00:00, 6401.165277902968, 2871.6875, 0, 0, 0, 0, 0
2018-12-09 21:00:00, 6090.129745190032, 2827.578125, 0, 0, 0, 0, 0
2018-12-09 22:00:00, 5515.222038250882, 2830.5625, 0, 0, 0, 0, 0
2018-12-09 23:00:00, 5007.373805002775, 2545.1875, 0, 0, 0, 0, 0
2018-12-10 00:00:00, 4215.846992525272, 2466.53125, 0, 0, 0, 0, 0
2018-12-10 01:00:00, 3767.2625502967276, 2312.34375, 0, 0, 0.004217174835503101, 0, 0
2018-12-10 02:00:00, 3455.600995860994, 2263.734375, 0, 0, 0, 0, 0
2018-12-10 03:00:00, 3331.0342925395817, 2269.25, 0, 0, 0, 0, 0
2018-12-10 04:00:00, 3411.861939673312, 2275.015625, 0, 0, 0, 0, 0
2018-12-10 05:00:00, 3849.0699141351506, 2272.0625, 0, 0, 0, 0, 0
2018-12-10 06:00:00, 4420.477708129212, 2265.34375, 0, 0, 0.16752117774740327, 0, 0
2018-12-10 07:00:00, 5089.507564064115, 2337.734375, 0, 16.560984253883362, 0.9935247646644711, 0, 0
2018-12-10 08:00:00, 5241.836700733751, 2302.859375, 0, 74.7818329334259, 0.9801764376461506, 0, 0
2018-12-10 09:00:00, 4995.916268914938, 2355.09375, 0, 108.20216655731201, 0.7274221293628216, 0, 0
2018-12-10 10:00:00, 4777.39435104467, 2359.3125, 0, 120.37897109985352, 0.987839152905508, 0, 0
2018-12-10 11:00:00, 4599.142735870555, 2324.84375, 0, 124.02360773086548, 1.138263612985611, 0, 0
2018-12-10 12:00:00, 4597.7490384867415, 2301.234375, 0, 122.73629236221313, 1.3845433741807938, 0, 0
2018-12-10 13:00:00, 4673.713892058469, 2311.3125, 0, 115.88138055801392, 1.6156947016716003, 0, 0
2018-12-10 14:00:00, 4942.041074326262, 2304.3125, 0, 100.53742265701294, 2.2068868055939674, 0, 0
2018-12-10 15:00:00, 5284.038058800623, 2298.125, 0, 38.68156814575195, 0.9241340756416321, 0, 0
2018-12-10 16:00:00, 5429.682097885758, 2587.046875, 0, 3.6406251192092896, 1.1001142114400864, 0, 0
2018-12-10 17:00:00, 6006.555010510609, 3134.78125, 0, 0, 1.611241084523499, 0, 0
2018-12-10 18:00:00, 6145.796429936774, 3381.296875, 0, 0, 2.8486629277467728, 0, 0
2018-12-10 19:00:00, 6126.382154361345, 3529.8125, 0, 0, 2.949533373117447, 0, 0
2018-12-10 20:00:00, 6040.442976110615, 3514.5, 0, 0, 4.07504615187645, 0, 0
2018-12-10 21:00:00, 5705.471408158541, 3460.765625, 0, 0, 4.1632154285907745, 0, 0
2018-12-10 22:00:00, 5547.292554327752, 2905.484375, 0, 0, 4.27716326713562, 0, 0
2018-12-10 23:00:00, 4940.815391306765, 2688.875, 0, 0, 3.0837898552417755, 0, 0
2018-12-11 00:00:00, 4290.624130659271, 2359.515625, 0, 0, 2.570978060364723, 0, 0
2018-12-11 01:00:00, 3799.438873960171, 2255.09375, 0, 0, 6.170429453253746, 0, 0
2018-12-11 02:00:00, 3500.148469619453, 2257.609375, 0, 0, 7.664281710982323, 0, 0
2018-12-11 03:00:00, 3373.045879289508, 2251.15625, 0, 0, 6.44719123840332, 0, 0
2018-12-11 04:00:00, 3489.852757335175, 2243.609375, 0, 0, 4.156427264213562, 0, 0
2018-12-11 05:00:00, 3867.279856134206, 2280.625, 0, 0, 5.45051783323288, 0, 0
2018-12-11 06:00:00, 4419.339966550469, 2399.671875, 0, 0, 6.3824514746665955, 0, 0
2018-12-11 07:00:00, 5256.462009300478, 2300.5, 0, 17.32725501060486, 5.640174061059952, 0, 0
2018-12-11 08:00:00, 5107.803777980618, 2272.28125, 0, 77.48831343650818, 5.4475508108735085, 0, 0
2018-12-11 09:00:00, 4966.000551795587, 2217.765625, 0, 108.98929452896118, 3.532266214489937, 0, 0
2018-12-11 10:00:00, 4721.587056731805, 2225.6875, 0, 121.10247945785522, 4.5578529834747314, 0, 0
2018-12-11 11:00:00, 4485.814525008202, 2243.265625, 0, 123.77367782592773, 7.918020009994507, 0, 0
2018-12-11 12:00:00, 4538.974928356707, 2251.59375, 4.265625, 122.72423315048218, 10.807064294815063, 0, 0
2018-12-11 13:00:00, 4819.087863406166, 2257.375, 0, 115.97201490402222, 11.039322853088379, 0, 0
2018-12-11 14:00:00, 4966.8548432178795, 2275.859375, 0, 99.25051093101501, 10.86995279788971, 0, 0
2018-12-11 15:00:00, 5306.152088850737, 2317.609375, 0, 38.21144366264343, 11.875920209884644, 0, 0
2018-12-11 16:00:00, 5478.228339484893, 2626.40625, 0, 3.5612438917160034, 4.190393000841141, 0, 0
2018-12-11 17:00:00, 6463.95381373167, 2710.875, 0, 0, 3.9301526248455048, 0, 0
2018-12-11 18:00:00, 6779.67666810751, 2709.671875, 0, 0, 8.188833639025688, 0, 0
2018-12-11 19:00:00, 6796.414034605026, 2751.4375, 0, 0, 5.863327577710152, 0, 0
2018-12-11 20:00:00, 6672.751466393471, 2741.546875, 0, 0, 6.42599618434906, 0, 0
2018-12-11 21:00:00, 6264.4597026109695, 2705.828125, 0, 0, 4.137385606765747, 0, 0
2018-12-11 22:00:00, 5739.659947872162, 2658.109375, 0, 0, 3.9659445881843567, 0, 0
2018-12-11 23:00:00, 4983.237575531006, 2580.125, 0, 0, 5.474809467792511, 0, 0
2018-12-12 00:00:00, 4350.0569514632225, 2288.90625, 0, 0, 5.295686095952988, 0, 0
2018-12-12 01:00:00, 3797.833546102047, 2270.546875, 0, 0, 5.661869525909424, 0, 0
2018-12-12 02:00:00, 3437.1627785265446, 2243.875, 0, 0, 6.0228231549263, 0, 0
2018-12-12 03:00:00, 3351.7827865183353, 2222.28125, 0, 0, 6.887073755264282, 0, 0
2018-12-12 04:00:00, 3437.001291279681, 2236.6875, 0, 0, 8.561766862869263, 0, 0
2018-12-12 05:00:00, 3809.606262767222, 2232.09375, 0, 0, 10.059552788734436, 0, 0
2018-12-12 06:00:00, 4497.669192807749, 2238.0625, 0, 0, 8.018160045146942, 0, 0
2018-12-12 07:00:00, 5248.032165520359, 2238.921875, 0, 7.2906898856163025, 9.867022335529327, 0, 0
2018-12-12 08:00:00, 5124.747118771076, 2241.296875, 0, 69.29067397117615, 12.600914349555968, 0, 0
2018-12-12 09:00:00, 4953.22673240304, 2300.484375, 0, 106.78152847290039, 12.403783073425291, 0, 0
2018-12-12 10:00:00, 4766.267476499081, 2341.671875, 0, 118.68806171417236, 13.474596371650694, 0, 0
2018-12-12 11:00:00, 4746.432254612446, 2318.015625, 0, 120.91889238357544, 18.373501720428465, 0, 0
2018-12-12 12:00:00, 4704.660366147757, 2338.015625, 0, 121.211754322052, 17.907447037696837, 0, 0
2018-12-12 13:00:00, 4833.249875217676, 2293.96875, 0, 114.8270378112793, 17.789644899368284, 0, 0
2018-12-12 14:00:00, 5155.24610838294, 2301.578125, 0, 91.06550598144531, 18.225010213851927, 0, 0
2018-12-12 15:00:00, 5607.127710402012, 2268.21875, 0, 37.157562136650085, 18.430738506317137, 0, 0
2018-12-12 16:00:00, 6063.923935949802, 2292.5, 0, 3.50430428981781, 17.347541122436525, 0, 0
2018-12-12 17:00:00, 6645.070340365171, 2722.625, 10.386285305023193, 0, 9.688975930213928, 0, 0
2018-12-12 18:00:00, 6928.561678916216, 2757.828125, 10.517558813095093, 0, 11.128479424715042, 0, 0
2018-12-12 19:00:00, 7010.995660275221, 2722.625, 0, 0, 13.222673535346985, 0, 0
2018-12-12 20:00:00, 6833.094707906246, 2692.828125, 0, 0, 13.6628968667984, 0, 0
2018-12-12 21:00:00, 6449.828374952078, 2563.015625, 0, 0, 4.6235435009002686, 0, 0
2018-12-12 22:00:00, 6036.244038015604, 2277.21875, 0, 0, 3.971697747707367, 0, 0
2018-12-12 23:00:00, 5218.555980145931, 2248.46875, 0, 0, 3.316802442073822, 0, 0
2018-12-13 00:00:00, 4469.1802334189415, 2163.75, 0, 0, 4.984401226043701, 0, 0
2018-12-13 01:00:00, 3938.969766795635, 2097.421875, 0, 0, 5.082988202571869, 0, 0
2018-12-13 02:00:00, 3556.793983131647, 2116.34375, 0, 0, 5.061657905578613, 0, 0
2018-12-13 03:00:00, 3439.6902118623257, 2115.453125, 0, 0, 5.379392355680466, 0, 0
2018-12-13 04:00:00, 3574.080010652542, 2120.28125, 0, 0, 5.0552323162555695, 0, 0
2018-12-13 05:00:00, 3919.945793002844, 2119.734375, 0, 0, 2.8751857429742813, 0, 0
2018-12-13 06:00:00, 4652.491892546415, 2122.65625, 0, 0, 1.8044047206640244, 0, 0
2018-12-13 07:00:00, 5255.048720002174, 2371.0625, 0, 3.2318288683891296, 0.9937844965606928, 0, 0
2018-12-13 08:00:00, 5498.242453247309, 2242.390625, 0, 14.653631269931793, 0.5937553979456425, 0, 0
2018-12-13 09:00:00, 5499.633176892996, 2268.96875, 0, 33.022860288619995, 0.2340650013065897, 0, 0
2018-12-13 10:00:00, 5322.22607627511, 2323.71875, 0, 63.29359155893326, 2.2509365184232593, 0, 0
2018-12-13 11:00:00, 5110.51234203577, 2324.4375, 0, 91.89699375629425, 6.43035489320755, 0, 0
2018-12-13 12:00:00, 5083.995537521783, 2274.5, 0, 110.8559981584549, 6.281367689371109, 0, 0
2018-12-13 13:00:00, 5091.071741530206, 2283.84375, 0, 86.64124345779419, 6.455205857753754, 0, 0
2018-12-13 14:00:00, 5153.726882815361, 2341.953125, 0, 86.93349981307983, 6.477574467658997, 0, 0
2018-12-13 15:00:00, 5420.521019697189, 2295.03125, 0, 39.59884750843048, 4.893440544605255, 0, 0
2018-12-13 16:00:00, 5808.676627546549, 2279.0, 0, 3.982250213623047, 8.865216732025146, 0, 0
2018-12-13 17:00:00, 6459.823491245508, 2677.75, 0, 0, 0.705536873312667, 0, 0
2018-12-13 18:00:00, 6651.265474706888, 2909.65625, 0, 0, 0.21013290574774146, 0, 0
2018-12-13 19:00:00, 6700.878374397755, 2896.65625, 0, 0, 0.8387857785564847, 0, 0
2018-12-13 20:00:00, 6575.054670214653, 2817.125, 0, 0, 0.010005188174545765, 0, 0
2018-12-13 21:00:00, 6335.815970897675, 2617.859375, 0, 0, 0, 0, 0
2018-12-13 22:00:00, 5882.947583645582, 2475.859375, 0, 0, 0, 0, 0
2018-12-13 23:00:00, 5405.882603436708, 2231.75, 0, 0, 0, 0, 0
2018-12-14 00:00:00, 4593.377149581909, 2225.921875, 0, 0, 0, 0, 0
2018-12-14 01:00:00, 4005.677809089422, 2222.671875, 0, 0, 0, 0, 0
2018-12-14 02:00:00, 3678.583740770817, 2238.765625, 0, 0, 0, 0, 0
2018-12-14 03:00:00, 3475.052125275135, 2238.421875, 0, 0, 0, 0, 0
2018-12-14 04:00:00, 3499.578788846731, 2229.34375, 0, 0, 0, 0, 0
2018-12-14 05:00:00, 3821.7046033740044, 2237.125, 0, 0, 0.01798173040151596, 0, 0
2018-12-14 06:00:00, 4144.858701884747, 2241.296875, 0, 0, 0.11913009360432625, 0, 0
2018-12-14 07:00:00, 4549.433831684291, 2260.40625, 0, 19.291046023368835, 0.17209554836153984, 0, 0
2018-12-14 08:00:00, 4578.6687625050545, 2252.546875, 0, 80.18671345710754, 0.5298056602478027, 0, 0
2018-12-14 09:00:00, 4580.044906178489, 2244.078125, 0, 111.76283311843872, 0.9276344180107117, 0, 0
2018-12-14 10:00:00, 4563.053774908185, 2247.234375, 0, 123.01624774932861, 1.61074810475111, 0, 0
2018-12-14 11:00:00, 4516.013951063156, 2247.4375, 0, 125.86190223693848, 1.8465812974609435, 0, 0
2018-12-14 12:00:00, 4309.997366249561, 2247.21875, 0, 124.8194317817688, 0.7811906635761261, 0, 0
2018-12-14 13:00:00, 4262.561730206013, 2252.921875, 0, 118.08048677444458, 0.30432763936460105, 0, 0
2018-12-14 14:00:00, 4459.30269151926, 2226.40625, 0, 102.44158220291138, 0.030005186796188354, 0, 0
2018-12-14 15:00:00, 4900.951152712107, 2234.421875, 0, 41.09952211380005, 0, 0, 0
2018-12-14 16:00:00, 5380.3577525913715, 2317.09375, 0, 4.470991134643555, 0.007284139341209084, 0, 0
2018-12-14 17:00:00, 5794.345258176327, 2681.96875, 0, 0, 0.4170804168097675, 0, 0
2018-12-14 18:00:00, 5838.135975539684, 2752.03125, 0, 0, 3.1542350351810455, 0, 0
2018-12-14 19:00:00, 5544.526654630899, 2734.703125, 0, 0, 5.202378273010254, 0, 0
2018-12-14 20:00:00, 5415.201355397701, 2616.890625, 0, 0, 5.940179228782654, 0, 0
2018-12-14 21:00:00, 5371.670808911324, 2357.890625, 0, 0, 6.146502077579498, 0, 0
2018-12-14 22:00:00, 5173.32273542881, 2244.984375, 0, 0, 8.333154439926147, 0, 0
2018-12-14 23:00:00, 4623.875118196011, 2236.109375, 0, 0, 4.740269243717194, 0, 0
2018-12-15 00:00:00, 4139.336528122425, 2210.421875, 0, 0, 3.9112881422042847, 0, 0
2018-12-15 01:00:00, 3718.9365406036377, 2175.0625, 0, 0, 7.548259675502777, 0, 0
2018-12-15 02:00:00, 3455.931212544441, 2167.984375, 0, 0, 10.114031672477722, 0, 0
2018-12-15 03:00:00, 3346.570291996002, 2178.640625, 0, 0, 7.579297423362732, 0, 0
2018-12-15 04:00:00, 3353.6647811233997, 2168.53125, 0, 0, 6.840794861316681, 0, 0
2018-12-15 05:00:00, 3554.5923821926117, 2175.828125, 0, 0, 7.980821311473846, 0, 0
2018-12-15 06:00:00, 3619.360123084858, 2176.75, 0, 0, 9.045917082428932, 0, 0
2018-12-15 07:00:00, 3627.6887618899345, 2174.84375, 0, 17.65355670452118, 7.200193163007498, 0, 0
2018-12-15 08:00:00, 3754.5367801487446, 2172.8125, 0, 77.04245328903198, 6.518465373665094, 0, 0
2018-12-15 09:00:00, 3765.9772631824017, 2172.234375, 0, 109.89992713928223, 4.848156534135342, 0, 0
2018-12-15 10:00:00, 3729.9631667733192, 2164.671875, 0, 121.15543937683105, 7.885292481631041, 0, 0
2018-12-15 11:00:00, 3552.934773504734, 2188.640625, 0, 123.7185001373291, 9.37908050775528, 0, 0
2018-12-15 12:00:00, 3450.0429386496544, 2199.9375, 0, 122.9473123550415, 7.964867893457413, 0, 0
2018-12-15 13:00:00, 3417.910693705082, 2201.90625, 0, 113.83649063110352, 5.798328839242458, 0, 0
2018-12-15 14:00:00, 3516.0653154850006, 2208.90625, 0, 99.08527684211731, 7.795579023510218, 0, 0
2018-12-15 15:00:00, 3841.2974980175495, 2235.359375, 0, 38.43036198616028, 5.402666615322232, 0, 0
2018-12-15 16:00:00, 4362.078015744686, 2335.890625, 0, 3.5294230580329895, 6.402815628796816, 0, 0
2018-12-15 17:00:00, 5276.6068869531155, 2514.171875, 0, 0, 5.687983021140099, 0, 0
2018-12-15 18:00:00, 5556.266238152981, 2779.5625, 0, 0, 8.393528297543526, 0, 0
2018-12-15 19:00:00, 5592.442084819078, 2803.765625, 0, 0, 7.182508863508701, 0, 0
2018-12-15 20:00:00, 5569.895938068628, 2656.125, 0, 0, 6.949974671006203, 0, 0
2018-12-15 21:00:00, 5427.4204524457455, 2591.484375, 0, 0, 6.277570366859436, 0, 0
2018-12-15 22:00:00, 5280.039016395807, 2325.28125, 0, 0, 6.66361802816391, 0, 0
2018-12-15 23:00:00, 4759.397192686796, 2243.671875, 0, 0, 12.789068818092346, 0, 0
2018-12-16 00:00:00, 4027.7751826643944, 2228.6875, 0, 0, 7.173963665962219, 0, 0
2018-12-16 01:00:00, 3496.190763294697, 2235.75, 0, 0, 9.648815661668777, 0, 0
2018-12-16 02:00:00, 3182.5522018671036, 2228.84375, 0, 0, 11.008707165718079, 0, 0
2018-12-16 03:00:00, 3047.612045735121, 2227.046875, 0, 0, 7.550297789275646, 0, 0
2018-12-16 04:00:00, 3185.4835683107376, 2229.75, 0, 0, 8.832903027534485, 0, 0
2018-12-16 05:00:00, 3589.4906683564186, 2226.21875, 0, 0, 5.717397481203079, 0, 0
2018-12-16 06:00:00, 4203.070861816406, 2229.296875, 0, 0, 6.227990552783012, 0, 0
2018-12-16 07:00:00, 4915.514751762152, 2299.640625, 0, 4.272121250629425, 6.459293708205223, 0, 0
2018-12-16 08:00:00, 5034.221834003925, 2302.515625, 0, 29.719884872436523, 6.621194426668808, 0, 0
2018-12-16 09:00:00, 5176.023747622967, 2238.5, 0, 50.77105963230133, 7.379718542098999, 0, 0
2018-12-16 10:00:00, 4886.8401953577995, 2446.53125, 0, 76.62763905525208, 7.2978333568573, 0, 0
2018-12-16 11:00:00, 4745.31266489625, 2507.40625, 0, 86.56137573719025, 7.3101606369018555, 0, 0
2018-12-16 12:00:00, 4757.515816807747, 2534.421875, 0, 82.22978782653809, 6.2938232421875, 0, 0
2018-12-16 13:00:00, 4958.51740399003, 2522.625, 0, 68.59404337406158, 7.209259185791016, 0, 0
2018-12-16 14:00:00, 5093.028983235359, 2621.90625, 0, 43.62643206119537, 5.495212078094482, 0, 0
2018-12-16 15:00:00, 5199.182249635458, 2678.609375, 0, 16.458884596824646, 4.102764319162816, 0, 0
2018-12-16 16:00:00, 5449.898787379265, 2765.0, 0, 2.056382894515991, 3.457089802250266, 0, 0
2018-12-16 17:00:00, 6090.464512318373, 2894.703125, 0, 1.350000023841858, 3.5355332009494305, 0, 0
2018-12-16 18:00:00, 6230.127366602421, 3062.09375, 0, 1.350000023841858, 3.3352533816359937, 0, 0
2018-12-16 19:00:00, 6348.126860707998, 2990.015625, 0, 0.675000011920929, 4.042239717207849, 0, 0
2018-12-16 20:00:00, 6452.088539332151, 2681.234375, 0, 0, 2.980732235359028, 0, 0
2018-12-16 21:00:00, 6325.192932575941, 2314.46875, 0, 0, 2.8445301657402524, 0, 0
2018-12-16 22:00:00, 5694.675767809153, 2294.203125, 0, 0, 1.71876394989431, 0, 0
2018-12-16 23:00:00, 4911.355769872665, 2281.484375, 0, 0, 0.6210537562146783, 0, 0
2018-12-17 00:00:00, 4053.371113270521, 2282.65625, 0, 0, 0.7046545781195164, 0, 0
2018-12-17 01:00:00, 3572.701679378748, 2244.140625, 0, 0, 0.6358502432703972, 0, 0
2018-12-17 02:00:00, 3279.5372158288956, 2248.453125, 0, 0, 0.040005188435316086, 0, 0
2018-12-17 03:00:00, 3210.346623301506, 2252.21875, 0, 0, 0, 0, 0
2018-12-17 04:00:00, 3309.3044396042824, 2252.203125, 0, 0, 0, 0, 0
2018-12-17 05:00:00, 3733.1568468511105, 2253.5, 0, 0, 0, 0, 0
2018-12-17 06:00:00, 4461.959901869297, 2241.375, 0, 0, 0.10861271619796753, 0, 0
2018-12-17 07:00:00, 5167.743245005608, 2319.0, 0, 12.630791544914246, 0.48017509281635284, 0, 0
2018-12-17 08:00:00, 5057.035614520311, 2295.9375, 0, 66.37547016143799, 0.6306813359260559, 0, 0
2018-12-17 09:00:00, 4838.753803163767, 2298.5625, 0, 102.36831140518188, 0, 0, 0
2018-12-17 10:00:00, 4640.428484290838, 2255.28125, 0, 115.96767282485962, 0, 0, 0
2018-12-17 11:00:00, 4483.862489759922, 2265.4375, 0, 113.36905860900879, 0.23818055540323257, 0, 0
2018-12-17 12:00:00, 4510.71510347724, 2261.3125, 0, 121.68252992630005, 3.1946756541728973, 0, 0
2018-12-17 13:00:00, 4752.751643031836, 2246.703125, 0, 107.34410095214844, 5.737907975912094, 0, 0
2018-12-17 14:00:00, 5060.541740775108, 2317.234375, 0, 79.50647866725922, 5.514595329761505, 0, 0
2018-12-17 15:00:00, 5521.83579787612, 2277.640625, 0, 29.961527049541473, 12.961856365203857, 0, 0
2018-12-17 16:00:00, 5942.646661877632, 2276.421875, 0, 2.699940264225006, 11.171054661273956, 0, 0
2018-12-17 17:00:00, 6796.852070569992, 2412.75, 0, 0, 8.647927045822144, 0, 0
2018-12-17 18:00:00, 6929.863115817308, 2617.15625, 0, 0, 10.883335947990417, 0, 0
2018-12-17 19:00:00, 7044.142840445042, 2560.921875, 27.449999809265137, 0, 10.354076564311981, 0, 0
2018-12-17 20:00:00, 6722.434405893087, 2708.4375, 0, 0, 2.5753914043307304, 0, 0
2018-12-17 21:00:00, 6489.7254066467285, 2471.640625, 0, 0, 3.1679413616657257, 0, 0
2018-12-17 22:00:00, 5880.552667945623, 2430.3125, 0, 0, 3.7906750440597534, 0, 0
2018-12-17 23:00:00, 5259.751106500626, 2176.546875, 0, 0, 5.381538121262565, 0, 0
2018-12-18 00:00:00, 4533.717647045851, 2058.90625, 0, 0, 6.711454629898071, 0, 0
2018-12-18 01:00:00, 4051.640195965767, 1967.96875, 0, 0, 4.396552324295044, 0, 0
2018-12-18 02:00:00, 3702.255329877138, 1973.515625, 0, 0, 4.827025264501572, 0, 0
2018-12-18 03:00:00, 3628.9226808547974, 1969.921875, 0, 0, 2.805409938097, 0, 0
2018-12-18 04:00:00, 3735.762326300144, 1976.203125, 0, 0, 4.33640068769455, 0, 0
2018-12-18 05:00:00, 4148.99554207921, 1965.453125, 0, 0, 8.413199722766876, 0, 0
2018-12-18 06:00:00, 4791.2738245129585, 2081.75, 0, 0, 6.535535395145416, 0, 0
2018-12-18 07:00:00, 5390.732634305954, 2293.03125, 0, 13.144789338111877, 5.190435439348221, 0, 0
2018-12-18 08:00:00, 5320.224226355553, 2291.03125, 0, 69.09508156776428, 2.0564965531229973, 0, 0
2018-12-18 09:00:00, 5215.473229855299, 2259.28125, 0, 103.47478580474854, 1.4427391923964024, 0, 0
2018-12-18 10:00:00, 5098.656469672918, 2205.96875, 0, 116.61387300491333, 2.276143729686737, 0, 0
2018-12-18 11:00:00, 5163.202015608549, 2101.953125, 0, 118.66123056411743, 2.8558244705200195, 0, 0
2018-12-18 12:00:00, 5228.208163827658, 2061.03125, 0, 117.79541683197021, 0.9433174896985292, 0, 0
2018-12-18 13:00:00, 5260.281067878008, 2055.375, 0, 112.16765356063843, 0.7566835507750511, 0, 0
2018-12-18 14:00:00, 5411.362824141979, 2090.46875, 0, 96.6314685344696, 0.43261374719440937, 0, 0
2018-12-18 15:00:00, 5623.90369990468, 2187.0625, 0, 40.1127587556839, 0.3785529835149646, 0, 0
2018-12-18 16:00:00, 5973.8998239040375, 2283.578125, 0, 4.437433362007141, 0.13501036865636706, 0, 0
2018-12-18 17:00:00, 6468.451038360596, 2762.109375, 0, 0, 0, 0, 0
2018-12-18 18:00:00, 6411.6293241381645, 3162.546875, 0, 0, 0, 0, 0
2018-12-18 19:00:00, 6336.4882200062275, 3282.96875, 0, 0, 0, 0, 0
2018-12-18 20:00:00, 6201.278699100018, 3221.390625, 0, 0, 0, 0, 0
2018-12-18 21:00:00, 6129.796523451805, 2848.0, 0, 0, 0.18840518593788147, 0, 0
2018-12-18 22:00:00, 5903.999398052692, 2506.109375, 0, 0, 0.8861399469897151, 0, 0
2018-12-18 23:00:00, 5098.824598819017, 2446.703125, 0, 0, 0.578753549605608, 0, 0
2018-12-19 00:00:00, 4350.224019408226, 2336.328125, 0, 0, 0.13834065198898315, 0, 0
2018-12-19 01:00:00, 3717.3926155865192, 2370.328125, 0, 0, 0.10480685567017645, 0, 0
2018-12-19 02:00:00, 3402.7338347434998, 2345.3125, 0, 0, 0, 0, 0
2018-12-19 03:00:00, 3301.3545044362545, 2337.765625, 0, 0, 0, 0, 0
2018-12-19 04:00:00, 3388.4945983588696, 2348.25, 0, 0, 0, 0, 0
2018-12-19 05:00:00, 3858.406640559435, 2348.078125, 0, 0, 0, 0, 0
2018-12-19 06:00:00, 4588.28488907218, 2338.703125, 0, 0, 0.01747603714466095, 0, 0
2018-12-19 07:00:00, 5150.370432853699, 2607.15625, 0, 12.568169176578522, 0.0470412066206336, 0, 0
2018-12-19 08:00:00, 5054.532910227776, 2470.984375, 0, 66.53595054149628, 0.19296926632523537, 0, 0
2018-12-19 09:00:00, 4973.857676267624, 2320.859375, 0, 95.81508088111877, 0.023280543893633876, 0, 0
2018-12-19 10:00:00, 4739.743982821703, 2384.984375, 0, 115.6911849975586, 0.1757722906768322, 0, 0
2018-12-19 11:00:00, 4725.922801822424, 2350.1875, 0, 121.08443307876587, 0.6172677464783192, 0, 0
2018-12-19 12:00:00, 4693.2698966264725, 2375.703125, 0, 99.15742826461792, 0.17002968657106976, 0, 0
2018-12-19 13:00:00, 4914.617983222008, 2362.296875, 0, 107.0342059135437, 0.7294759079813957, 0, 0
2018-12-19 14:00:00, 5202.192620664835, 2351.8125, 0, 69.8569667339325, 3.482005335390568, 0, 0
2018-12-19 15:00:00, 5618.142681598663, 2388.328125, 0, 23.717226207256317, 3.7037764489650726, 0, 0
2018-12-19 16:00:00, 5882.691722720861, 2572.921875, 0, 2.1039925813674927, 3.550601065158844, 0, 0
2018-12-19 17:00:00, 6697.287776321173, 2785.65625, 0, 0, 3.714854210615158, 0, 0
2018-12-19 18:00:00, 6925.172629863024, 2924.703125, 0, 0, 9.79864877462387, 0, 0
2018-12-19 19:00:00, 6940.116916567087, 2932.71875, 0, 0, 8.683365821838379, 0, 0
2018-12-19 20:00:00, 6872.764050722122, 2810.390625, 0, 0, 9.414531290531158, 0, 0
2018-12-19 21:00:00, 6639.663176387548, 2582.4375, 0, 0, 8.074591934680939, 0, 0
2018-12-19 22:00:00, 6156.596218883991, 2462.28125, 0, 0, 9.119339913129807, 0, 0
2018-12-19 23:00:00, 5348.564223140478, 2393.046875, 0, 0, 8.347557756900787, 0, 0
2018-12-20 00:00:00, 4481.5725537240505, 2354.703125, 0, 0, 7.989214777946472, 0, 0
2018-12-20 01:00:00, 3940.1719108223915, 2336.75, 0, 0, 6.590972810983658, 0, 0
2018-12-20 02:00:00, 3596.99792227149, 2310.125, 0, 0, 10.27144446492195, 0, 0
2018-12-20 03:00:00, 3497.071588307619, 2287.953125, 0, 0, 9.9928688955307, 0, 0
2018-12-20 04:00:00, 3573.1026463508606, 2285.015625, 0, 0, 9.552941918373108, 0, 0
2018-12-20 05:00:00, 4054.784598082304, 2292.625, 0, 0, 7.860110759735107, 0, 0
2018-12-20 06:00:00, 4694.191296517849, 2309.265625, 0, 0, 9.580843086242675, 0, 0
2018-12-20 07:00:00, 5538.651994794607, 2399.125, 0, 9.02681052684784, 5.84080296754837, 0, 0
2018-12-20 08:00:00, 5548.464810311794, 2491.09375, 0, 58.62609827518463, 3.4206921756267548, 0, 0
2018-12-20 09:00:00, 5555.023129463196, 2587.875, 0, 45.926020205020905, 5.4004508554935455, 0, 0
2018-12-20 10:00:00, 5280.61662761122, 2776.390625, 0, 86.32955503463745, 8.786747515201569, 0, 0
2018-12-20 11:00:00, 5328.8670736551285, 2724.4375, 0, 66.11831152439117, 6.323383271694183, 0, 0
2018-12-20 12:00:00, 5463.009876817465, 2666.375, 0, 59.26175111532211, 6.7073559165000916, 0, 0
2018-12-20 13:00:00, 5664.973070055246, 2723.75, 0, 24.55896818637848, 5.074962630867958, 0, 0
2018-12-20 14:00:00, 5602.569243550301, 2843.75, 0, 41.60970252752304, 2.7562952041625977, 0, 0
2018-12-20 15:00:00, 5802.176736652851, 2922.0625, 0, 8.256857514381409, 2.220929621718824, 0, 0
2018-12-20 16:00:00, 6181.528247356415, 2875.46875, 0, 1.1658546924591064, 0.33417602943336533, 0, 0
2018-12-20 17:00:00, 6984.464571654797, 2947.265625, 0, 0, 1.0935064852237701, 0, 0
2018-12-20 18:00:00, 7295.661731302738, 2973.484375, 0, 0, 0.0716076772660017, 0, 0
2018-12-20 19:00:00, 7272.276737183332, 2947.140625, 0, 0, 0.13531624525785446, 0, 0
2018-12-20 20:00:00, 7203.830325871706, 2717.921875, 0, 0, 0.7357536051422358, 0, 0
2018-12-20 21:00:00, 6836.0573019087315, 2532.90625, 0, 0, 0.10236457595601678, 0, 0
2018-12-20 22:00:00, 6353.497881889343, 2373.71875, 0, 0, 0, 0, 0
2018-12-20 23:00:00, 5667.4457777142525, 2237.875, 0, 0, 0, 0, 0
2018-12-21 00:00:00, 4854.434454768896, 2179.453125, 0, 0, 0, 0, 0
2018-12-21 01:00:00, 4266.777161478996, 2133.609375, 0, 0, 0.38397032767534256, 0, 0
2018-12-21 02:00:00, 3780.728913784027, 2217.28125, 0, 0, 0.05837191687896848, 0, 0
2018-12-21 03:00:00, 3538.4736863970757, 2222.5625, 0, 0, 0, 0, 0
2018-12-21 04:00:00, 3610.2999266684055, 2213.890625, 0, 0, 0.10369163130872039, 0, 0
2018-12-21 05:00:00, 3918.271443963051, 2201.84375, 0, 0, 0.4685735013335943, 0, 0
2018-12-21 06:00:00, 4299.955633491278, 2208.984375, 0, 0, 0, 0, 0
2018-12-21 07:00:00, 4839.608134299517, 2204.171875, 0, 4.691593408584595, 0, 0, 0
2018-12-21 08:00:00, 5131.063560783863, 2213.59375, 0, 45.62346309423447, 0, 0, 0
2018-12-21 09:00:00, 5093.966257750988, 2303.171875, 0, 92.3392686843872, 0, 0, 0
2018-12-21 10:00:00, 5118.595415264368, 2301.78125, 0, 96.75584721565247, 0, 0, 0
2018-12-21 11:00:00, 5152.905575335026, 2238.578125, 0, 98.60567903518677, 0, 0, 0
2018-12-21 12:00:00, 5003.319053828716, 2212.609375, 0, 75.1658866405487, 0, 0, 0
2018-12-21 13:00:00, 4968.119490653276, 2217.171875, 0, 82.3770762681961, 0, 0, 0
2018-12-21 14:00:00, 5130.905113071203, 2221.4375, 0, 59.9472930431366, 0, 0, 0
2018-12-21 15:00:00, 5451.78267082572, 2220.921875, 0, 27.47562336921692, 0, 0, 0
2018-12-21 16:00:00, 5747.8315469920635, 2212.703125, 0, 1.9342182278633118, 0, 0, 0
2018-12-21 17:00:00, 6347.0788449049, 2314.8125, 0, 0, 0, 0, 0
2018-12-21 18:00:00, 6307.395293682814, 2401.640625, 0, 0, 0, 0, 0
2018-12-21 19:00:00, 6157.076742500067, 2264.78125, 0, 0, 0, 0, 0
2018-12-21 20:00:00, 5835.817678868771, 2223.578125, 0, 0, 0, 0, 0
2018-12-21 21:00:00, 5598.331040263176, 2220.578125, 0, 0, 0, 0, 0
2018-12-21 22:00:00, 5261.098310917616, 2217.75, 0, 0, 0, 0, 0
2018-12-21 23:00:00, 4737.209089308977, 2221.09375, 0, 0, 0, 0, 0
2018-12-22 00:00:00, 4213.950207382441, 2226.953125, 0, 0, 0, 0, 0
2018-12-22 01:00:00, 3778.23770993948, 2227.921875, 0, 0, 0, 0, 0
2018-12-22 02:00:00, 3471.2092543542385, 2221.828125, 0, 0, 0, 0, 0
2018-12-22 03:00:00, 3336.716137945652, 2234.15625, 0, 0, 0, 0, 0
2018-12-22 04:00:00, 3359.2482953071594, 2232.21875, 0, 0, 0, 0, 0
2018-12-22 05:00:00, 3580.950656324625, 2225.671875, 0, 0, 0, 0, 0
2018-12-22 06:00:00, 3659.0598449110985, 2217.78125, 0, 0, 0, 0, 0
2018-12-22 07:00:00, 3742.4978699982166, 2225.8125, 0, 13.627688884735107, 0, 0, 0
2018-12-22 08:00:00, 3951.2270074784756, 2225.4375, 0, 71.52636575698853, 0, 0, 0
2018-12-22 09:00:00, 4018.7646550536156, 2251.78125, 0, 104.39579582214355, 0, 0, 0
2018-12-22 10:00:00, 3991.2837401926517, 2227.765625, 0, 117.14900922775269, 0, 0, 0
2018-12-22 11:00:00, 3838.612020075321, 2223.171875, 0, 121.50484466552734, 0, 0, 0
2018-12-22 12:00:00, 3822.3340923786163, 2227.78125, 0, 114.28098058700562, 0, 0, 0
2018-12-22 13:00:00, 3783.207128793001, 2219.859375, 0, 104.52057909965515, 0, 0, 0
2018-12-22 14:00:00, 3854.227258980274, 2219.46875, 0, 101.21473121643066, 0, 0, 0
2018-12-22 15:00:00, 4183.494948208332, 2219.125, 0, 43.953068017959595, 0, 0, 0
2018-12-22 16:00:00, 4769.302688717842, 2222.328125, 0, 4.986441075801849, 0, 0, 0
2018-12-22 17:00:00, 5963.3480660915375, 2230.0625, 0, 0, 1.3446444757282734, 0, 0
2018-12-22 18:00:00, 6473.9277601242065, 2374.109375, 0, 0, 1.6218874230980873, 0, 0
2018-12-22 19:00:00, 6490.1252810359, 2429.203125, 0, 0, 0.23448272421956062, 0, 0
2018-12-22 20:00:00, 6457.247088372707, 2345.6875, 0, 0, 0, 0, 0
2018-12-22 21:00:00, 6200.826130837202, 2313.890625, 0, 0, 0, 0, 0
2018-12-22 22:00:00, 5840.694299042225, 2274.578125, 0, 0, 0, 0, 0
2018-12-22 23:00:00, 5139.952641963959, 2224.40625, 0, 0, 0, 0, 0
2018-12-23 00:00:00, 4348.883368045092, 2255.53125, 0, 0, 0, 0, 0
2018-12-23 01:00:00, 3772.3131646215916, 2211.171875, 0, 0, 0, 0, 0
2018-12-23 02:00:00, 3420.5399279892445, 2200.71875, 0, 0, 0, 0, 0
2018-12-23 03:00:00, 3283.207524061203, 2179.71875, 0, 0, 0, 0, 0
2018-12-23 04:00:00, 3400.69759657979, 2204.984375, 0, 0, 0, 0, 0
2018-12-23 05:00:00, 3835.9317578971386, 2203.15625, 0, 0, 0, 0, 0
2018-12-23 06:00:00, 4558.047270476818, 2198.125, 0, 0, 0, 0, 0
2018-12-23 07:00:00, 5303.105205327272, 2309.65625, 0, 12.869755744934082, 0.05720528028905392, 0, 0
2018-12-23 08:00:00, 5299.013092696667, 2231.921875, 0, 70.14989757537842, 0.014542148061991611, 0, 0
2018-12-23 09:00:00, 5046.840253055096, 2224.671875, 0, 104.59266376495361, 0, 0, 0
2018-12-23 10:00:00, 4788.413309812546, 2217.453125, 0, 109.76722288131714, 0, 0, 0
2018-12-23 11:00:00, 4726.877488095313, 2218.28125, 0, 111.81746435165405, 0, 0, 0
2018-12-23 12:00:00, 4700.092492163181, 2199.703125, 0, 113.34955167770386, 0, 0, 0
2018-12-23 13:00:00, 4858.382846951485, 2199.75, 0, 96.74408674240112, 0, 0, 0
2018-12-23 14:00:00, 5168.073586434126, 2215.984375, 0, 85.51012229919434, 0, 0, 0
2018-12-23 15:00:00, 5521.414156883955, 2203.5625, 9.25328540802002, 42.89842188358307, 0, 0, 0
2018-12-23 16:00:00, 6013.29840490222, 2208.96875, 0, 4.561520457267761, 0, 0, 0
2018-12-23 17:00:00, 6778.629157572985, 2492.125, 0, 0, 0, 0, 0
2018-12-23 18:00:00, 7169.5939737558365, 2533.671875, 0, 0, 0, 0, 0
2018-12-23 19:00:00, 7288.8617223501205, 2480.859375, 0, 0, 0, 0, 0
2018-12-23 20:00:00, 7246.514878898859, 2406.265625, 0, 0, 0.03680562134832144, 0, 0
2018-12-23 21:00:00, 6787.484924226999, 2394.53125, 0, 0, 0, 0, 0
2018-12-23 22:00:00, 6194.559058070183, 2262.515625, 0, 0, 0, 0, 0
2018-12-23 23:00:00, 5367.199544966221, 2194.515625, 0, 0, 5.188011527934577e-06, 0, 0
2018-12-24 00:00:00, 4496.574486285448, 2151.75, 0, 0, 0, 0, 0
2018-12-24 01:00:00, 3920.852963745594, 2146.90625, 0, 0, 0.7142167687416077, 0, 0
2018-12-24 02:00:00, 3591.1613542735577, 2150.671875, 0, 0, 0.4739685500971973, 0, 0
2018-12-24 03:00:00, 3465.8999477922916, 2153.65625, 0, 0, 1.8871466368436813, 0, 0
2018-12-24 04:00:00, 3567.220825880766, 2159.21875, 0, 0, 4.338918037712574, 0, 0
2018-12-24 05:00:00, 4021.374651402235, 2159.1875, 0, 0, 1.829682394862175, 0, 0
2018-12-24 06:00:00, 4742.094185352325, 2149.1875, 0, 0, 0.73624766478315, 0, 0
2018-12-24 07:00:00, 5419.843340992928, 2386.21875, 0, 3.4033604860305786, 0.5428173104301095, 0, 0
2018-12-24 08:00:00, 5486.54979377985, 2431.625, 7.3125, 22.360683381557465, 0.7807437959127128, 0, 0
2018-12-24 09:00:00, 5024.040703982115, 2743.578125, 6.46875, 67.04446077346802, 0.9232329726219177, 0, 0
2018-12-24 10:00:00, 4787.239957422018, 2799.53125, 0, 84.47871732711792, 0.7467906484380364, 0, 0
2018-12-24 11:00:00, 4774.833328589797, 2702.15625, 0, 100.09645080566406, 1.998148150742054, 0, 0
2018-12-24 12:00:00, 4781.252385556698, 2583.921875, 0, 107.53950309753418, 1.749434620141983, 0, 0
2018-12-24 13:00:00, 4922.111984312534, 2590.65625, 0, 107.94883596897125, 0.7466881732316324, 0, 0
2018-12-24 14:00:00, 5092.174518406391, 2601.09375, 0, 65.74112737178802, 0.33204897306859493, 0, 0
2018-12-24 15:00:00, 5265.4504526257515, 2652.296875, 0, 41.31419253349304, 0.03616400947794318, 0, 0
2018-12-24 16:00:00, 5568.080935031176, 2749.171875, 0, 6.270804584026337, 0.2919278144836426, 0, 0
2018-12-24 17:00:00, 6526.521343588829, 2748.640625, 0, 0, 0.5446304008364677, 0, 0
2018-12-24 18:00:00, 6981.876010417938, 2696.546875, 0, 0, 0.4763415455818176, 0, 0
2018-12-24 19:00:00, 7111.321654140949, 2642.0625, 0, 0, 0, 0, 0
2018-12-24 20:00:00, 6991.507988840342, 2584.171875, 0, 0, 0, 0, 0
2018-12-24 21:00:00, 6655.599375963211, 2434.03125, 0, 0, 0, 0, 0
2018-12-24 22:00:00, 6016.135559439659, 2433.015625, 0, 0, 0, 0, 0
2018-12-24 23:00:00, 5257.54096531868, 2380.359375, 0, 0, 0, 0, 0
2018-12-25 00:00:00, 4411.470785111189, 2333.40625, 0, 0, 0, 0, 0
2018-12-25 01:00:00, 3845.1102920770645, 2316.46875, 0, 0, 0, 0, 0
2018-12-25 02:00:00, 3584.3974454700947, 2200.0, 0, 0, 0.11083351075649261, 0, 0
2018-12-25 03:00:00, 3451.5002732276917, 2191.40625, 0, 0, 0.10656555237710563, 0, 0
2018-12-25 04:00:00, 3524.1021827459335, 2198.234375, 0, 0, 0, 0, 0
2018-12-25 05:00:00, 3949.273652911186, 2201.0, 0, 0, 0.08806619420647621, 0, 0
2018-12-25 06:00:00, 4671.129292994738, 2194.53125, 0, 0, 0.016814155038446188, 0, 0
2018-12-25 07:00:00, 5326.331854969263, 2202.90625, 0, 12.9635591506958, 0.4358544647693634, 0, 0
2018-12-25 08:00:00, 5319.004836827517, 2200.703125, 0, 72.5825879573822, 0.6279040277004242, 0, 0
2018-12-25 09:00:00, 5174.169759899378, 2211.640625, 0, 107.15935516357422, 0.23283573240041733, 0, 0
2018-12-25 10:00:00, 4906.34848099947, 2202.84375, 0, 118.20508337020874, 0.7096223309636116, 0, 0
2018-12-25 11:00:00, 4728.304834932089, 2213.515625, 0, 122.23840188980103, 0.562950998544693, 0, 0
2018-12-25 12:00:00, 4670.109803378582, 2203.203125, 0, 121.41453409194946, 0.4176076650619507, 0, 0
2018-12-25 13:00:00, 4727.884750247002, 2202.421875, 0, 112.54685544967651, 0.05382741242647171, 0, 0
2018-12-25 14:00:00, 4908.266880482435, 2191.125, 0, 97.79141783714294, 0, 0, 0
2018-12-25 15:00:00, 5262.2109633386135, 2192.140625, 0, 44.75111985206604, 0, 0, 0
2018-12-25 16:00:00, 5701.987726926804, 2195.4375, 0, 5.3067467212677, 0, 0, 0
2018-12-25 17:00:00, 6601.181636035442, 2349.65625, 0, 0, 0, 0, 0
2018-12-25 18:00:00, 6998.9723533988, 2418.234375, 0, 0, 0, 0, 0
2018-12-25 19:00:00, 7131.371899753809, 2374.96875, 0, 0, 0.3529146630316973, 0, 0
2018-12-25 20:00:00, 7022.217404842377, 2378.1875, 0, 0, 0.6120725572109222, 0, 0
2018-12-25 21:00:00, 6710.579989492893, 2260.84375, 0, 0, 0.12302006036043167, 0, 0
2018-12-25 22:00:00, 6196.9415011405945, 2179.671875, 0, 0, 0.9939686357975006, 0, 0
2018-12-25 23:00:00, 5426.881720393896, 2168.953125, 0, 0, 1.5607471466064453, 0, 0
2018-12-26 00:00:00, 4609.148811511695, 2121.3125, 0, 0, 2.6916852612048388, 0, 0
2018-12-26 01:00:00, 4034.5543884783983, 2092.8125, 0, 0, 0.7651421148329973, 0, 0
2018-12-26 02:00:00, 3688.5794745869935, 2096.046875, 0, 0, 0.1071544915157574, 0, 0
2018-12-26 03:00:00, 3567.93480226025, 2114.828125, 0, 0, 0.0016218547243624926, 0, 0
2018-12-26 04:00:00, 3645.11322106421, 2111.078125, 0, 0, 0, 0, 0
2018-12-26 05:00:00, 4017.4014414846897, 2120.65625, 0, 0, 0.039476422127336264, 0, 0
2018-12-26 06:00:00, 4660.573826372623, 2185.890625, 0, 0, 0.5408276915550232, 0, 0
2018-12-26 07:00:00, 5414.504734575748, 2186.453125, 0, 7.675752639770508, 0.7036773534491658, 0, 0
2018-12-26 08:00:00, 5480.828330993652, 2176.140625, 0, 58.06089586019516, 0.8853658512234688, 0, 0
2018-12-26 09:00:00, 5472.758917987347, 2212.34375, 0, 80.12623429298401, 0.47337721288204193, 0, 0
2018-12-26 10:00:00, 5422.549145283643, 2203.828125, 0, 99.18424391746521, 0.5638288507097968, 0, 0
2018-12-26 11:00:00, 5304.97219765652, 2180.859375, 0, 103.54832816123962, 0.6536606487352401, 0, 0
2018-12-26 12:00:00, 5322.089146797545, 2181.625, 0, 107.03975081443787, 0.23347529117017984, 0, 0
2018-12-26 13:00:00, 5400.029486362822, 2164.09375, 0, 108.02283895015717, 0.1631243359297514, 0, 0
2018-12-26 14:00:00, 5698.269944112282, 2168.40625, 0, 72.89301323890686, 1.2779510840773582, 0, 0
2018-12-26 15:00:00, 5866.712709238753, 2171.0625, 0, 44.17430627346039, 0.14650630950927734, 0, 0
2018-12-26 16:00:00, 6174.583780990448, 2174.75, 4, 5.630438506603241, 1.7596517354249954, 0, 0
2018-12-26 17:00:00, 7149.075943052769, 2202.609375, 13.832972049713135, 0, 2.671748474240303, 0, 0
2018-12-26 18:00:00, 7525.861203312874, 2303.578125, 9.596628189086914, 0, 2.6462929751724005, 0, 0
2018-12-26 19:00:00, 7563.218380451202, 2370.453125, 0, 0, 2.9176364578306675, 0, 0
2018-12-26 20:00:00, 7415.235000640154, 2367.65625, 0, 0, 1.6414779089391232, 0, 0
2018-12-26 21:00:00, 6961.160233527422, 2373.375, 0, 0, 2.7320317327976227, 0, 0
2018-12-26 22:00:00, 6354.350799500942, 2331.578125, 0, 0, 5.179329618811607, 0, 0
2018-12-26 23:00:00, 5610.789572775364, 2157.765625, 0, 0, 5.171787619590759, 0, 0
2018-12-27 00:00:00, 4709.220632314682, 2165.9375, 0, 0, 3.9903624057769775, 0, 0
2018-12-27 01:00:00, 4077.4197977781296, 2153.78125, 0, 0, 3.002879671752453, 0, 0
2018-12-27 02:00:00, 3726.243754208088, 2130.859375, 0, 0, 5.021238297224045, 0, 0
2018-12-27 03:00:00, 3592.8457320928574, 2117.375, 0, 0, 6.776095807552338, 0, 0
2018-12-27 04:00:00, 3683.963341832161, 2115.859375, 0, 0, 15.681122846603394, 0, 0
2018-12-27 05:00:00, 4151.295039594173, 2108.359375, 0, 0, 17.100267238616944, 0, 0
2018-12-27 06:00:00, 4807.117550134659, 2220.265625, 0, 0, 16.05442479610443, 0, 0
2018-12-27 07:00:00, 5721.378458291292, 2357.640625, 0, 6.777723133563995, 15.636663432121276, 0, 0
2018-12-27 08:00:00, 5931.905060917139, 2446.515625, 0, 27.101520001888275, 17.851404724121092, 0, 0
2018-12-27 09:00:00, 5967.70199611783, 2684.578125, 0, 45.298391342163086, 9.738093852996826, 0, 0
2018-12-27 10:00:00, 5818.472712755203, 3055.109375, 0, 39.835404753685, 8.80307137966156, 0, 0
2018-12-27 11:00:00, 5704.536768019199, 3368.796875, 0, 42.61147612333298, 13.709435334205626, 0, 0
2018-12-27 12:00:00, 5622.041760504246, 3422.265625, 0, 41.575706124305725, 13.880579819679259, 0, 0
2018-12-27 13:00:00, 5658.321296811104, 3363.484375, 0, 52.21548980474472, 10.051705310940742, 0, 0
2018-12-27 14:00:00, 5838.9740470051765, 3207.34375, 0, 54.19640135765076, 15.900112380981444, 0, 0
2018-12-27 15:00:00, 6166.499825537205, 3242.546875, 0, 18.32662832736969, 18.67530566215515, 0, 0
2018-12-27 16:00:00, 6468.215875327587, 3385.9375, 0, 2.260589599609375, 17.1822630405426, 0, 0
2018-12-27 17:00:00, 7145.223958551884, 3586.984375, 0, 0, 17.212660064697264, 0, 0
2018-12-27 18:00:00, 7466.513132691383, 3616.671875, 0, 0, 13.742538924217223, 0, 0
2018-12-27 19:00:00, 7463.359659135342, 3614.328125, 0, 0, 10.451163525581359, 0, 0
2018-12-27 20:00:00, 7341.7142233252525, 3458.65625, 0, 0, 14.80541085243225, 0, 0
2018-12-27 21:00:00, 7063.049478471279, 3123.015625, 0, 0, 13.866279950141905, 0, 0
2018-12-27 22:00:00, 6395.377108633518, 3014.515625, 0, 0, 12.661541988849638, 0, 0
2018-12-27 23:00:00, 5877.308388918638, 2588.546875, 0, 0, 13.609442343711851, 0, 0
2018-12-28 00:00:00, 5126.3924323916435, 2351.28125, 0, 0, 12.329638476371764, 0, 0
2018-12-28 01:00:00, 4456.778139054775, 2242.640625, 0, 0, 9.583796322345734, 0, 0
2018-12-28 02:00:00, 4152.376971036196, 2129.671875, 0, 0, 4.816578447818756, 0, 0
2018-12-28 03:00:00, 3952.08511570096, 2135.375, 0, 0, 2.055634304881096, 0, 0
2018-12-28 04:00:00, 3965.849030137062, 2128.28125, 0, 0, 1.2575663625029847, 0, 0
2018-12-28 05:00:00, 4267.1542093753815, 2128.28125, 0, 0, 1.7665825374424458, 0, 0
2018-12-28 06:00:00, 4676.197234809399, 2130.171875, 0, 0, 2.2583115957677364, 0, 0
2018-12-28 07:00:00, 5366.593461036682, 2125.765625, 0, 3.361476719379425, 3.672600619494915, 0, 0
2018-12-28 08:00:00, 5892.069334864616, 2145.421875, 0, 27.794803023338318, 3.5238083600997925, 0, 0
2018-12-28 09:00:00, 5964.187464356422, 2539.265625, 0, 48.24253284931183, 3.0000012814998627, 0, 0
2018-12-28 10:00:00, 6064.408706367016, 2814.328125, 0, 44.52693837881088, 2.709488920867443, 0, 0
2018-12-28 11:00:00, 5779.749247431755, 3253.046875, 0, 53.46015363931656, 1.1995229795575142, 0, 0
2018-12-28 12:00:00, 5610.371240913868, 3358.34375, 0, 51.45317620038986, 1.7111449372023344, 0, 0
2018-12-28 13:00:00, 5612.831492006779, 3535.546875, 0, 36.4761808514595, 2.685320433229208, 0, 0
2018-12-28 14:00:00, 5877.947454631329, 3604.359375, 0, 26.04797637462616, 3.690927505493164, 0, 0
2018-12-28 15:00:00, 6169.4466717243195, 3632.03125, 0, 12.119192659854889, 1.4273995608091354, 0, 0
2018-12-28 16:00:00, 6176.66788572073, 3645.78125, 0, 1.903777837753296, 2.8588911294937134, 0, 0
2018-12-28 17:00:00, 6366.758538424969, 3623.765625, 0, 0, 0.9044560267211637, 0, 0
2018-12-28 18:00:00, 6305.415899991989, 3591.796875, 0, 0, 0.36215412616729736, 0, 0
2018-12-28 19:00:00, 5991.985810220242, 3452.21875, 0, 0, 1.198489472270012, 0, 0
2018-12-28 20:00:00, 5990.4964890778065, 2959.703125, 0, 0, 1.104954481124878, 0, 0
2018-12-28 21:00:00, 5792.635192453861, 2824.578125, 0, 0, 1.1215703189373016, 0, 0
2018-12-28 22:00:00, 5412.653100073338, 2784.0, 0, 0, 3.291043658507988, 0, 0
2018-12-28 23:00:00, 4658.76783567667, 3032.03125, 0, 0, 1.5467376410961151, 0, 0
2018-12-29 00:00:00, 3851.091974377632, 3132.4375, 0, 0, 0.7175258845090866, 0, 0
2018-12-29 01:00:00, 3428.0443778038025, 2983.328125, 0, 0, 5.188011527934577e-06, 0, 0
2018-12-29 02:00:00, 3292.1422969698906, 2802.5625, 0, 0, 0, 0, 0
2018-12-29 03:00:00, 3277.566674053669, 2615.578125, 0, 0, 0.1649484820663929, 0, 0
2018-12-29 04:00:00, 3311.6641398072243, 2607.46875, 0, 0, 0.010010375641286373, 0, 0
2018-12-29 05:00:00, 3337.476415991783, 2764.25, 0, 0, 0.07364048948511481, 0, 0
2018-12-29 06:00:00, 3385.922330826521, 2863.65625, 0, 0, 0.6890422776341438, 0, 0
2018-12-29 07:00:00, 3359.529746890068, 2993.578125, 0, 2.2778236865997314, 1.810045731253922, 0, 0
2018-12-29 08:00:00, 3798.2631249427795, 3125.109375, 0, 19.76947045326233, 2.7857410311698914, 0, 0
2018-12-29 09:00:00, 4224.865161120892, 3414.28125, 0, 33.270296692848206, 3.9227975010871887, 0, 0
2018-12-29 10:00:00, 4488.751927912235, 3632.53125, 0, 56.56094282865524, 2.5610332041978836, 0, 0
2018-12-29 11:00:00, 4659.631311178207, 3539.234375, 0, 86.34181308746338, 3.3241549879312515, 0, 0
2018-12-29 12:00:00, 4877.6989715099335, 3345.828125, 0, 79.07430768013, 1.720863476395607, 0, 0
2018-12-29 13:00:00, 4904.952472925186, 3242.734375, 0, 81.78435754776001, 0.7971142381429672, 0, 0
2018-12-29 14:00:00, 5047.02757704258, 3056.203125, 0, 56.26831912994385, 0.2742693083710037, 0, 0
2018-12-29 15:00:00, 5349.651026189327, 2995.203125, 0, 19.726903676986694, 0.6797276437282562, 0, 0
2018-12-29 16:00:00, 5811.574730217457, 3005.3125, 0, 4.614434003829956, 1.884726144373417, 0, 0
2018-12-29 17:00:00, 6489.806725025177, 3048.765625, 0, 0, 1.3625262752175331, 0, 0
2018-12-29 18:00:00, 6849.317848145962, 3339.140625, 0, 0, 1.6262967139482498, 0, 0
2018-12-29 19:00:00, 6808.933681070805, 3382.109375, 0, 0, 1.1512340530753136, 0, 0
2018-12-29 20:00:00, 6537.278750002384, 3387.21875, 0, 0, 0.6961877644062042, 0, 0
2018-12-29 21:00:00, 6158.975336283445, 3346.453125, 0, 0, 0, 0, 0
2018-12-29 22:00:00, 5692.9840182214975, 3283.703125, 0, 0, 0, 0, 0
2018-12-29 23:00:00, 5203.9004495590925, 2915.203125, 0, 0, 0.00862133176997304, 0, 0
2018-12-30 00:00:00, 4719.393210329115, 2428.875, 0, 0, 0.25898755714297295, 0, 0
2018-12-30 01:00:00, 4226.806476712227, 2150.671875, 0, 0, 0.2973206005990505, 0, 0
2018-12-30 02:00:00, 3839.8433547616005, 2137.734375, 0, 0, 0.3343013972043991, 0, 0
2018-12-30 03:00:00, 3651.8310191631317, 2123.9375, 0, 0, 1.037323921918869, 0, 0
2018-12-30 04:00:00, 3715.9114511609077, 2150.734375, 0, 0, 0.31500518321990967, 0, 0
2018-12-30 05:00:00, 4163.372628539801, 2157.921875, 0, 0, 0.2839549428317696, 0, 0
2018-12-30 06:00:00, 4952.368372738361, 2216.921875, 0, 0, 0.375410296022892, 0, 0
2018-12-30 07:00:00, 5757.95385915041, 2541.9375, 0, 3.3541223406791687, 0.02575933374464512, 0, 0
2018-12-30 08:00:00, 5743.213943719864, 2838.109375, 0, 21.260967433452606, 0, 0, 0
2018-12-30 09:00:00, 5899.4062104821205, 2840.28125, 0, 45.05877476930618, 0, 0, 0
2018-12-30 10:00:00, 5653.878309160471, 2939.578125, 0, 58.95856046676636, 0.02748238295316696, 0, 0
2018-12-30 11:00:00, 5326.6033589839935, 3188.234375, 0, 74.90636312961578, 0.11981693934649229, 0, 0
2018-12-30 12:00:00, 5405.290997803211, 3350.90625, 0, 44.958960473537445, 0.028427043464034796, 0, 0
2018-12-30 13:00:00, 5473.811189472675, 3480.4375, 0, 37.60612714290619, 0.8198033161461353, 0, 0
2018-12-30 14:00:00, 5657.982098639011, 3537.546875, 0, 32.7763090133667, 1.4057028773240745, 0, 0
2018-12-30 15:00:00, 5816.330493092537, 3538.515625, 0, 19.814231038093567, 1.3147289231419563, 0, 0
2018-12-30 16:00:00, 6309.498318225145, 3529.953125, 0, 0.8727205991744995, 1.1203951314091682, 0, 0
2018-12-30 17:00:00, 7029.61650493741, 3714.453125, 0, 0.7979512214660645, 2.99815833568573, 0, 0
2018-12-30 18:00:00, 7357.187509298325, 3716.78125, 62.7767333984375, 2.6967066526412964, 5.312949001789093, 0, 0
2018-12-30 19:00:00, 7377.929999470711, 3725.875, 95.59375, 4.164445400238037, 2.3755079805850983, 0, 0
2018-12-30 20:00:00, 7211.586679577827, 3689.0, 80.40625, 5.632184028625488, 2.474033772945404, 0, 0
2018-12-30 21:00:00, 6664.92248724401, 3681.515625, 66.25, 7.099923133850098, 4.384650319814682, 0, 0
2018-12-30 22:00:00, 6039.269513949752, 3461.265625, 35.365968227386475, 8.567661762237549, 2.6799249947071075, 0, 0
2018-12-30 23:00:00, 5484.122156918049, 2950.328125, 0, 10.035400390625, 2.706705629825592, 0, 0
2018-12-31 00:00:00, 5016.295522749424, 2263.296875, 0, 5.024843215942383, 1.842033714056015, 0, 0
2018-12-31 01:00:00, 4345.359136283398, 2138.71875, 0, 0, 2.1498266756534576, 0, 0
2018-12-31 02:00:00, 3956.61550283432, 2135.53125, 0, 0, 1.4161189645528793, 0, 0
2018-12-31 03:00:00, 3750.5252952575684, 2138.4375, 0, 0, 1.4769013673067093, 0, 0
2018-12-31 04:00:00, 3886.3311675190926, 2125.59375, 0, 0, 2.112064130604267, 0, 0
2018-12-31 05:00:00, 4383.631134212017, 2115.5625, 0, 0, 1.1138873398303986, 0, 0
2018-12-31 06:00:00, 4972.651768028736, 2353.1875, 0, 0, 0.4056974301347509, 0, 0
2018-12-31 07:00:00, 5893.5137776732445, 2431.78125, 0, 9.606516003608704, 0.6042841449379921, 0, 0
2018-12-31 08:00:00, 5760.110161840916, 2583.859375, 0, 52.123463690280914, 0.21361373458057642, 0, 0
2018-12-31 09:00:00, 5525.646999180317, 2832.046875, 0, 80.76159405708313, 0, 0, 0
2018-12-31 10:00:00, 5101.031258821487, 3159.390625, 0, 111.46303749084473, 0, 0, 0
2018-12-31 11:00:00, 5156.211102962494, 3052.890625, 0, 100.10666179656982, 0.15021928772330284, 0, 0
2018-12-31 12:00:00, 5313.131546199322, 2920.640625, 0, 103.2585973739624, 0.10115794464945793, 0, 0
2018-12-31 13:00:00, 5437.698521852493, 2986.6875, 0, 98.30911922454834, 0.3517871303483844, 0, 0
2018-12-31 14:00:00, 5604.542396962643, 3103.484375, 0, 86.43725371360779, 0.37947554694255814, 0, 0
2018-12-31 15:00:00, 5780.84452933073, 3226.0, 0, 24.24061644077301, 0, 0, 0
2018-12-31 16:00:00, 6039.6656131744385, 3289.28125, 0, 4.914458870887756, 0, 0, 0
2018-12-31 17:00:00, 6725.529118478298, 3672.375, 0, 0, 0.05001037436068145, 0, 0
2018-12-31 18:00:00, 7253.7046956419945, 3704.15625, 0, 0, 0.0813659280538559, 0, 0
2018-12-31 19:00:00, 7327.264017403126, 3697.9375, 0, 0, 0.41904669208452106, 0, 0
2018-12-31 20:00:00, 7008.93993294239, 3702.4375, 0, 0, 1.0037218006327748, 0, 0
2018-12-31 21:00:00, 6365.11112344265, 3650.921875, 0, 0, 1.1609669919125736, 0, 0
2018-12-31 22:00:00, 5711.388240933418, 3555.1875, 0, 0, 1.110071450471878, 0, 0
2018-12-31 23:00:00, 5012.2004635334015, 3284.140625, 0, 0, 1.0021933037787676, 0, 0
